<?xml version='1.0' encoding='UTF-8'?>
<conflicts>
	<conflict>
		<file>simulation/0-virtex4/error-41</file>
		<fix>
			 <change>
				  <feature>CYGHWR_DEVS_ETH_PHY_VIRTEX4</feature>
				  <value>1</value>
			 </change>
		</fix>	
	</conflict>
	<conflict>
		<file>simulation/0-virtex4/error-42</file>
		<fix>
			 <change>
				  <feature>CYGPKG_NET_FORCE_SERIAL_CONSOLE</feature>
				  <value>1</value>
			 </change>
		</fix>	
	</conflict>
	<conflict>
		<file>simulation/0-virtex4/error-119</file>
		<fix>
			 <change>
				  <feature>CYGHWR_NET_DRIVER_ETH0_ADDRS</feature>
				  <value>1</value>
			 </change>
		</fix>	
	</conflict>
	<conflict>
		<file>simulation/0-virtex4/error-210</file>
		<fix>
			 <change>
				  <feature>UPBFUN_RECONOS_HWTHREADS</feature>
				  <value>0</value>
			 </change>
		</fix>	
	</conflict>
	<conflict>
		<file>simulation/0-virtex4/error-237</file>
		<fix>
			 <change>
				  <feature>CYGSEM_VIRTEX4_GPIO_CHAR_LCD</feature>
				  <value>0</value>
			 </change>
		</fix>	
	</conflict>
	<conflict>
		<file>simulation/2-xilinx_ml605_light/error-85</file>
		<fix>
			 <change>
				  <feature>CYGDBG_KERNEL_DEBUG_GDB_THREAD_SUPPORT</feature>
				  <value>0</value>
			 </change>
		</fix>	
	</conflict>
	<conflict>
		<file>simulation/3-ea2468/error-15</file>
		<fix>
			 <change>
				  <feature>CYGDBG_HAL_COMMON_INTERRUPTS_SAVE_MINIMUM_CONTEXT</feature>
				  <value>0</value>
			 </change>
		</fix>	
	</conflict>
	<conflict>
		<file>simulation/3-ea2468//error-16</file>
		<fix>
			 <change>
				  <feature>CYGDBG_HAL_COMMON_CONTEXT_SAVE_MINIMUM</feature>
				  <value>0</value>
			 </change>
		</fix>	
	</conflict>
	<conflict>
		<file>simulation/3-ea2468//error-28</file>
		<fix>
			 <change>
				  <feature>CYGBLD_BUILD_REDBOOT_BIN</feature>
				  <value>0</value>
			 </change>
		</fix>	
	</conflict>
	<conflict>
		<file>simulation/3-ea2468/error-39</file>
		<fix>
			 <change>
				  <feature>CYGBLD_BUILD_REDBOOT_WITH_GDB</feature>
				  <value>0</value>
			 </change>
		</fix>	
	</conflict>
	<conflict>
		<file>simulation/3-ea2468/error-40</file>
		<fix>
			 <change>
				  <feature>CYGBLD_BUILD_REDBOOT_WITH_GDB</feature>
				  <value>0</value>
			 </change>
		</fix>	
	</conflict>
	<conflict>
		<file>simulation/3-ea2468/error-42</file>
		<fix>
			 <change>
				  <feature>CYGDBG_HAL_COMMON_INTERRUPTS_SAVE_MINIMUM_CONTEXT</feature>
				  <value>0</value>
			 </change>
		</fix>	
	</conflict>
	<conflict>
		<file>simulation/3-ea2468/error-43</file>
		<fix>
			 <change>
				  <feature>CYGDBG_HAL_COMMON_CONTEXT_SAVE_MINIMUM</feature>
				  <value>0</value>
			 </change>
		</fix>	
	</conflict>
	<conflict>
		<file>simulation/3-ea2468/error-55</file>
		<fix>
			 <change>
				  <feature>CYGSEM_HAL_ROM_MONITOR</feature>
				  <value>1</value>
			 </change>
			 <change>
				  <feature>CYGBLD_ARM_ENABLE_THUMB_INTERWORK</feature>
				  <value>1</value>
			 </change>
			 <change>
				  <feature>CYGBLD_HAL_ARM_EABI</feature>
				  <value>1</value>
			 </change>
			 <change>
				  <feature>CYGBLD_GLOBAL_LDFLAGS</feature>
				  <value>&quot; -mthumb-interwork -mcpu=arm7tdmi -Wl,--gc-sections -Wl,-static -g -nostdlib&quot;</value>
			 </change>
			 <change>
				  <feature>CYGBLD_GLOBAL_CFLAGS</feature>
				  <value>&quot;-Wall -Wpointer-arith -Wstrict-prototypes -Wundef -Woverloaded-virtual -Wno-write-strings  -mthumb-interwork -mcpu=arm7tdmi -g -O2 -ffunction-sections -fdata-sections -fno-rtti -fno-exceptions &quot;</value>
			 </change>
		</fix>	
	</conflict>
	<conflict>
		<file>simulation/52-aki3068net/error-30</file>
		<fix>
			 <change>
				  <feature>CYGIMP_MEMALLOC_MALLOC_DLMALLOC</feature>
				  <value>0</value>
			 </change>
		</fix>	
	</conflict>
	<conflict>
		<file>simulation/52-aki3068net/error-69</file>
		<fix>
			 <change>
				  <feature>CYGBLD_MEMALLOC_MALLOC_IMPLEMENTATION_HEADER</feature>
				  <value>&quot;&lt;cyg/memalloc/memvar.hxx&gt;&quot;</value>
			 </change>
		</fix>	
	</conflict>
	<conflict>
		<file>simulation/52-aki3068net/error-117</file>
		<fix>
			 <change>
				  <feature>CYGBLD_MEMALLOC_MALLOC_IMPLEMENTATION_HEADER</feature>
				  <value>&quot;&lt;cyg/memalloc/memvar.hxx&gt;&quot;</value>
			 </change>
		</fix>	
	</conflict>
	<conflict>
		<file>simulation/2860-gps4020/error-12</file>
		<fix>
			 <change>
				  <feature>CYGSEM_HAL_USE_ROM_MONITOR</feature>
				  <value>0</value>
			 </change>
			 <change>
				  <feature>CYGSEM_HAL_VIRTUAL_VECTOR_INIT_WHOLE_TABLE</feature>
				  <value>1</value>
			 </change>
			 <change>
				  <feature>CYGSEM_HAL_VIRTUAL_VECTOR_CLAIM_DATA</feature>
				  <value>1</value>
			 </change>
			 <change>
				  <feature>CYGSEM_HAL_VIRTUAL_VECTOR_CLAIM_COMMS</feature>
				  <value>1</value>
			 </change>
			 <change>
				  <feature>CYGSEM_HAL_VIRTUAL_VECTOR_CLAIM_DELAY_US</feature>
				  <value>1</value>
			 </change>
			 <change>
				  <feature>CYGSEM_HAL_VIRTUAL_VECTOR_CLAIM_RESET</feature>
				  <value>1</value>
			 </change>
			 <change>
				  <feature>CYGSEM_HAL_VIRTUAL_VECTOR_CLAIM_VERSION</feature>
				  <value>1</value>
			 </change>
		</fix>	
	</conflict>
	<conflict>
		<file>simulation/2860-gps4020/error-13</file>
		<fix>
			 <change>
				  <feature>CYGDBG_HAL_COMMON_INTERRUPTS_SAVE_MINIMUM_CONTEXT</feature>
				  <value>0</value>
			 </change>
		</fix>
	</conflict>
	<conflict>
		<file>simulation/2860-gps4020/error-14</file>
		<fix>
			 <change>
				  <feature>CYGDBG_HAL_COMMON_CONTEXT_SAVE_MINIMUM</feature>
				  <value>0</value>
			 </change>
		</fix>
	</conflict>
	<conflict>
		<file>simulation/2860-gps4020/error-42</file>
		<fix>
			 <change>
				  <feature>CYGBLD_BUILD_REDBOOT_WITH_GDB</feature>
				  <value>0</value>
			 </change>
		</fix>
	</conflict>
	<conflict>
		<file>simulation/2860-gps4020/error-43</file>
		<fix>
			 <change>
				  <feature>CYGBLD_BUILD_REDBOOT_WITH_GDB</feature>
				  <value>0</value>
			 </change>
		</fix>
	</conflict>
	<conflict>
		<file>simulation/2860-gps4020/error-44</file>
		<fix>
			 <change>
				  <feature>CYGDBG_HAL_DEBUG_GDB_CTRLC_SUPPORT</feature>
				  <value>0</value>
			 </change>
		</fix>
	</conflict>
	<conflict>
		<file>simulation/2860-gps4020/error-45</file>
		<fix>
			 <change>
				  <feature>CYGDBG_HAL_COMMON_INTERRUPTS_SAVE_MINIMUM_CONTEXT</feature>
				  <value>0</value>
			 </change>
		</fix>
	</conflict>
	<conflict>
		<file>simulation/2860-gps4020/error-46</file>
		<fix>
			 <change>
				  <feature>CYGDBG_HAL_COMMON_CONTEXT_SAVE_MINIMUM</feature>
				  <value>0</value>
			 </change>
		</fix>
	</conflict>
	<conflict>
		<file>simulation/2860-gps4020/error-47</file>
		<fix>
			 <change>
				  <feature>CYGSEM_HAL_VIRTUAL_VECTOR_CLAIM_COMMS</feature>
				  <value>1</value>
			 </change>
			 <change>
				  <feature>CYGSEM_HAL_VIRTUAL_VECTOR_INHERIT_CONSOLE</feature>
				  <value>0</value>
			 </change>
		</fix>
	</conflict>
	<conflict>
		<file>simulation/2860-gps4020/error-67</file>
		<fix>
			 <change>
				  <feature>CYGBLD_BUILD_REDBOOT_WITH_EXEC</feature>
				  <value>0</value>
			 </change>
			 <change>
				  <feature>CYGHWR_REDBOOT_ARM_LINUX_EXEC_ADDRESS</feature>
				  <value>0</value>
			 </change>
		</fix>
	</conflict>
</conflicts>	